{
  "lang":"ar",
  "name":"pipeline",
  "version":"0.0.0",
  "spacy_version":">=3.3.0,<3.4.0",
  "description":"",
  "author":"",
  "email":"",
  "url":"",
  "license":"",
  "spacy_git_version":"Unknown",
  "vectors":{
    "width":0,
    "vectors":0,
    "keys":0,
    "name":null,
    "mode":"default"
  },
  "labels":{
    "tok2vec":[

    ],
    "ner":[
      "CULTURE ET ART",
      "ECONOMIE",
      "EDUCATION",
      "M\u00c9DIAS",
      "POLITIQUE",
      "SANT\u00c9",
      "SECURIT\u00c9 ET DEFENSE",
      "SPORT",
      "TECHNOLOGIE"
    ]
  },
  "pipeline":[
    "tok2vec",
    "ner"
  ],
  "components":[
    "tok2vec",
    "ner"
  ],
  "disabled":[

  ],
  "performance":{
    "ents_f":0.5579276659,
    "ents_p":0.6016096579,
    "ents_r":0.5201596398,
    "ents_per_type":{
      "M\u00c9DIAS":{
        "p":0.6637824475,
        "r":0.5817984832,
        "f":0.6200923788
      },
      "CULTURE ET ART":{
        "p":0.5968992248,
        "r":0.4408396947,
        "f":0.5071350165
      },
      "SECURIT\u00c9 ET DEFENSE":{
        "p":0.5207756233,
        "r":0.5749235474,
        "f":0.5465116279
      },
      "ECONOMIE":{
        "p":0.5311827957,
        "r":0.4544618215,
        "f":0.4898363907
      },
      "SPORT":{
        "p":0.5868263473,
        "r":0.525,
        "f":0.5541941565
      },
      "EDUCATION":{
        "p":0.7494382022,
        "r":0.6827021494,
        "f":0.7145152651
      },
      "SANT\u00c9":{
        "p":0.611814346,
        "r":0.5555555556,
        "f":0.5823293173
      },
      "TECHNOLOGIE":{
        "p":0.5744920993,
        "r":0.4770384255,
        "f":0.52124936
      },
      "POLITIQUE":{
        "p":0.6033707865,
        "r":0.4248417722,
        "f":0.4986072423
      }
    },
    "tok2vec_loss":1802.3029594467,
    "ner_loss":8076.9980022036
  }
}