{
  "lang":"ar",
  "name":"pipeline",
  "version":"0.0.0",
  "spacy_version":">=3.3.0,<3.4.0",
  "description":"",
  "author":"",
  "email":"",
  "url":"",
  "license":"",
  "spacy_git_version":"Unknown",
  "vectors":{
    "width":0,
    "vectors":0,
    "keys":0,
    "name":null,
    "mode":"default"
  },
  "labels":{
    "tok2vec":[

    ],
    "ner":[
      "CULTURE ET ART",
      "ECONOMIE",
      "EDUCATION",
      "M\u00c9DIAS",
      "POLITIQUE",
      "SANT\u00c9",
      "SECURIT\u00c9 ET DEFENSE",
      "SPORT",
      "TECHNOLOGIE"
    ]
  },
  "pipeline":[
    "tok2vec",
    "ner"
  ],
  "components":[
    "tok2vec",
    "ner"
  ],
  "disabled":[

  ],
  "performance":{
    "ents_f":0.5700934579,
    "ents_p":0.5854000431,
    "ents_r":0.5555669259,
    "ents_per_type":{
      "M\u00c9DIAS":{
        "p":0.5552511416,
        "r":0.6587215601,
        "f":0.6025768087
      },
      "CULTURE ET ART":{
        "p":0.5249745158,
        "r":0.4914122137,
        "f":0.5076392311
      },
      "SECURIT\u00c9 ET DEFENSE":{
        "p":0.6141304348,
        "r":0.5759429154,
        "f":0.5944239874
      },
      "ECONOMIE":{
        "p":0.5308151093,
        "r":0.4912603496,
        "f":0.5102723364
      },
      "POLITIQUE":{
        "p":0.5239669421,
        "r":0.5015822785,
        "f":0.5125303153
      },
      "EDUCATION":{
        "p":0.7297297297,
        "r":0.6908904811,
        "f":0.7097791798
      },
      "SANT\u00c9":{
        "p":0.6265157639,
        "r":0.5938697318,
        "f":0.6097560976
      },
      "SPORT":{
        "p":0.6256410256,
        "r":0.5446428571,
        "f":0.5823389021
      },
      "TECHNOLOGIE":{
        "p":0.5545945946,
        "r":0.480787254,
        "f":0.515060241
      }
    },
    "tok2vec_loss":1849.6527084155,
    "ner_loss":12331.482989741
  }
}